antecedent,consequent,confidence
sugar,coffee,1.0
set 3 retrospot tea,coffee,1.0
sugar,set 3 retrospot tea,1.0
set 3 retrospot tea,sugar,1.0
set 3 retrospot tea,coffee,1.0
sugar,set 3 retrospot tea,1.0
set 3 retrospot tea,sugar,1.0
set 3 retrospot tea,coffee,1.0
coffee,set 3 retrospot tea,1.0
 shed,key fob ,1.0
 back door,key fob ,1.0
fancy font birthday card,,1.0
poppy's playhouse livingroom,poppy's playhouse kitchen,0.9073170731707317
regency cakestand 3 tier,green regency teacup and saucer,0.9018867924528302
regency tea plate pink,regency tea plate green,0.9017857142857143
pink regency teacup and saucer,green regency teacup and saucer,0.8944954128440368
pink regency teacup and saucer,roses regency teacup and saucer,0.8819188191881919
regency tea plate pink,regency tea plate roses,0.8794642857142858
pink regency teacup and saucer,green regency teacup and saucer,0.8770226537216828
poppy's playhouse kitchen,poppy's playhouse bedroom,0.8651162790697675
pink regency teacup and saucer,roses regency teacup and saucer,0.8576051779935274
poppy's playhouse livingroom,poppy's playhouse kitchen,0.8531746031746031
regency tea plate green,regency tea plate roses,0.8481481481481482
pink regency teacup and saucer,roses regency teacup and saucer,0.8478260869565217
green regency teacup and saucer,roses regency teacup and saucer,0.8342245989304814
set/6 red spotty paper cups,set/6 red spotty paper plates,0.8280701754385965
pink regency teacup and saucer,green regency teacup and saucer,0.827338129496403
wooden tree christmas scandinavian,wooden star christmas scandinavian,0.8188405797101449
poppy's playhouse livingroom,poppy's playhouse bedroom,0.8134920634920635
poppy's playhouse bedroom,poppy's playhouse kitchen,0.8037974683544304
jumbo bag pink polkadot,jumbo bag red retrospot,0.7918088737201365
pink regency teacup and saucer,roses regency teacup and saucer,0.7841726618705036
green regency teacup and saucer,roses regency teacup and saucer,0.7829232995658465
jumbo bag pink polkadot,jumbo bag red retrospot,0.7829181494661922
alarm clock bakelike green,alarm clock bakelike red,0.7818181818181819
small marshmallows pink bowl,small dolly mix design orange bowl,0.78125
alarm clock bakelike pink,alarm clock bakelike red,0.7784256559766763
pink regency teacup and saucer,green regency teacup and saucer,0.773462783171521
childrens cutlery dolly girl,childrens cutlery spaceboy,0.7723880597014926
jumbo bag pink polkadot,jumbo bag red retrospot,0.7704918032786886
regency sugar bowl green,regency milk jug pink,0.7686567164179104
regency cakestand 3 tier,pink regency teacup and saucer,0.766025641025641
regency milk jug pink,regency sugar bowl green,0.7573529411764706
coffee,set 3 retrospot tea,0.755485893416928
coffee,sugar,0.755485893416928
coffee,set 3 retrospot tea,0.755485893416928
regency tea plate green,regency tea plate pink,0.7481481481481481
lunch bag pink polkadot,lunch bag red retrospot,0.7452830188679246
toilet metal sign,bathroom metal sign,0.7450331125827814
regency cakestand 3 tier,green regency teacup and saucer,0.7428571428571429
lunch bag pink polkadot,lunch bag red retrospot,0.7423076923076922
jumbo shopper vintage red paisley,jumbo bag red retrospot,0.7391304347826086
lunch bag dolly girl design,lunch bag spaceboy design,0.7391304347826086
poppy's playhouse livingroom,poppy's playhouse kitchen,0.7380952380952381
candleholder pink hanging heart,white hanging heart t-light holder,0.737609329446064
wooden star christmas scandinavian,wooden heart christmas scandinavian,0.7367205542725174
lunch bag red retrospot,lunch bag pink polkadot,0.7366412213740458
poppy's playhouse kitchen,poppy's playhouse bedroom,0.7341040462427746
baking set spaceboy design,baking set 9 piece retrospot,0.7334905660377359
poppy's playhouse kitchen,poppy's playhouse livingroom,0.732283464566929
regency sugar bowl green,regency teapot roses,0.7313432835820896
gardeners kneeling pad cup of tea,gardeners kneeling pad keep calm,0.7291338582677166
set/6 red spotty paper plates,set/6 red spotty paper cups,0.7261538461538461
wooden tree christmas scandinavian,wooden heart christmas scandinavian,0.7246376811594203
green regency teacup and saucer,pink regency teacup and saucer,0.7245989304812834
painted metal pears assorted,assorted colour bird ornament,0.7244318181818181
lunch bag woodland,lunch bag red retrospot,0.7231270358306189
green regency teacup and saucer,pink regency teacup and saucer,0.7208872458410351
blue happy birthday bunting,pink happy birthday bunting,0.7154929577464789
pink happy birthday bunting,blue happy birthday bunting,0.7075208913649026
key fob , shed,0.7066666666666667
regency milk jug pink,regency teapot roses,0.7058823529411765
set/6 red spotty paper plates,set/20 red retrospot paper napkins,0.7046153846153846
lunch bag pink polkadot,lunch bag red retrospot,0.7039106145251396
pink vintage paisley picnic bag,scandinavian paisley picnic bag,0.7031802120141343
alarm clock bakelike chocolate,alarm clock bakelike red,0.7018633540372671
pink regency teacup and saucer,green regency teacup and saucer,0.7014388489208634
regency tea plate roses,regency tea plate green,0.6981707317073171
set of 6 snack loaf baking cases,set of 12 fairy cake baking cases,0.6941580756013745
lunch bag red retrospot,lunch bag spaceboy design,0.6925566343042071
lunch bag pink polkadot,lunch bag  black skull.,0.6917562724014337
roses regency teacup and saucer,green regency teacup and saucer,0.6909323116219668
wooden heart christmas scandinavian,wooden star christmas scandinavian,0.6889848812095032
dolly girl lunch box,spaceboy lunch box,0.6883116883116883
set of 12 mini loaf baking cases,set of 12 fairy cake baking cases,0.6852367688022285
alarm clock bakelike orange,alarm clock bakelike red,0.6852367688022285
alarm clock bakelike red,alarm clock bakelike green,0.6847133757961783
lunch bag pink polkadot,lunch bag red retrospot,0.6839237057220708
feltcraft cushion butterfly,feltcraft cushion rabbit,0.6836734693877551
lunch bag pink polkadot,lunch bag red retrospot,0.6750902527075812
alarm clock bakelike pink,alarm clock bakelike green,0.6742424242424242
set of 6 tea time baking cases,set of 12 fairy cake baking cases,0.6739811912225705
set/6 red spotty paper cups,set/20 red retrospot paper napkins,0.6736842105263159
alarm clock bakelike green,alarm clock bakelike red,0.6717363751584283
alarm clock bakelike ivory,alarm clock bakelike red,0.670940170940171
red hanging heart t-light holder,white hanging heart t-light holder,0.6701030927835051
lunch bag pink polkadot,lunch bag red retrospot,0.6689655172413793
green regency teacup and saucer,pink regency teacup and saucer,0.6657018813314037
jumbo bag pears,jumbo bag apples,0.6638297872340426
lunch bag pink polkadot,lunch bag red retrospot,0.6637931034482758
set of 6 snack loaf baking cases,set of 12 mini loaf baking cases,0.6632302405498282
lunch bag  black skull.,lunch bag red retrospot,0.6628242074927954
charlotte bag pink polkadot,red retrospot charlotte bag,0.6611909650924024
childrens cutlery spaceboy,childrens cutlery dolly girl,0.6550632911392406
lunch bag pink polkadot,lunch bag red retrospot,0.6533957845433256
alarm clock bakelike chocolate,alarm clock bakelike green,0.6521739130434783
lunch bag apple design,lunch bag red retrospot,0.651006711409396
poppy's playhouse bedroom,poppy's playhouse livingroom,0.6487341772151899
paper chain kit vintage christmas,paper chain kit 50's christmas,0.6470588235294117
alarm clock bakelike pink,alarm clock bakelike red,0.6460032626427407
green regency teacup and saucer,pink regency teacup and saucer,0.6390374331550802
lunch bag apple design,lunch bag red retrospot,0.6375
lunch bag spaceboy design,lunch bag red retrospot,0.6370370370370371
jumbo bag vintage christmas,jumbo bag 50's christmas,0.6363636363636364
lunch bag cars blue,lunch bag red retrospot,0.6353591160220995
red stripe ceramic drawer knob,blue stripe ceramic drawer knob,0.6336336336336337
jumbo bag strawberry,jumbo bag red retrospot,0.6330275229357799
christmas craft white fairy,christmas craft little friends,0.632398753894081
lunch bag spaceboy design,lunch bag red retrospot,0.632258064516129
lunch bag apple design,lunch bag suki design,0.63125
regency cakestand 3 tier,pink regency teacup and saucer,0.6309523809523809
feltcraft princess lola doll,feltcraft princess charlotte doll,0.6296296296296297
lunch bag pink polkadot,lunch bag spaceboy design,0.628930817610063
jumbo bag pink polkadot,jumbo bag red retrospot,0.6268656716417911
lunch bag pink polkadot,lunch bag cars blue,0.6266233766233765
key fob , back door,0.624
scandinavian paisley picnic bag,pink vintage paisley picnic bag,0.6238244514106583
small dolly mix design orange bowl,small marshmallows pink bowl,0.6232686980609418
lunch bag pink polkadot,lunch bag  black skull.,0.6226415094339623
lunch bag  black skull.,lunch bag red retrospot,0.6223277909738717
poppy's playhouse kitchen,poppy's playhouse livingroom,0.6213872832369942
feltcraft cushion rabbit,feltcraft cushion butterfly,0.6203703703703705
lunch bag pink polkadot,lunch bag  black skull.,0.6201117318435754
lunch bag  black skull.,lunch bag pink polkadot,0.6175771971496438
feltcraft cushion rabbit,feltcraft cushion owl,0.617283950617284
,fancy font birthday card,0.6172839506172839
lunch bag pink polkadot,lunch bag cars blue,0.6163522012578617
lunch bag  black skull.,lunch bag red retrospot,0.6161369193154035
lunch bag spaceboy design,lunch bag red retrospot,0.6148325358851675
lunch bag pink polkadot,lunch bag  black skull.,0.6130790190735694
pink regency teacup and saucer,regency cakestand 3 tier,0.6128205128205129
alarm clock bakelike orange,alarm clock bakelike green,0.6128133704735377
gardeners kneeling pad keep calm,gardeners kneeling pad cup of tea,0.6124338624338624
mint kitchen scales,ivory kitchen scales,0.611842105263158
lunch bag red retrospot,lunch bag pink polkadot,0.6091703056768559
lunch bag pink polkadot,lunch bag  black skull.,0.6088992974238876
pink regency teacup and saucer,regency cakestand 3 tier,0.6077981651376146
lunch bag cars blue,lunch bag red retrospot,0.6076923076923076
lunch bag woodland,lunch bag  black skull.,0.6058631921824105
lunch bag spaceboy design,lunch bag red retrospot,0.6058201058201058
lunch bag apple design,lunch bag red retrospot,0.6055555555555555
lunch bag  black skull.,lunch bag spaceboy design,0.6051873198847262
lunch bag pink polkadot,lunch bag cars blue,0.6049046321525885
alarm clock bakelike red,alarm clock bakelike green,0.6043329532497149
spaceboy lunch box,dolly girl lunch box,0.6022727272727272
strawberry charlotte bag,red retrospot charlotte bag,0.6016260162601627
blue stripe ceramic drawer knob,red stripe ceramic drawer knob,0.6011396011396012
lunch bag spaceboy design,lunch bag red retrospot,0.6011235955056179
lunch bag spaceboy design,lunch bag red retrospot,0.6010230179028133
regency tea plate roses,regency tea plate pink,0.6006097560975611
hand warmer scotty dog design,hand warmer owl design,0.5966029723991507
lunch bag red retrospot,lunch bag spaceboy design,0.5958429561200924
lunch bag red retrospot,lunch bag pink polkadot,0.5957446808510638
set of 6 tea time baking cases,set of 12 mini loaf baking cases,0.5956112852664577
lunch bag dolly girl design,lunch bag spaceboy design,0.5953177257525084
jumbo bag scandinavian blue paisley,jumbo bag red retrospot,0.5942350332594235
feltcraft princess charlotte doll,feltcraft princess lola doll,0.5935162094763092
red kitchen scales,ivory kitchen scales,0.5915178571428571
pink regency teacup and saucer,regency cakestand 3 tier,0.5891304347826087
lunch bag pink polkadot,lunch bag  black skull.,0.5889101338432122
poppy's playhouse bedroom,poppy's playhouse kitchen,0.5886075949367089
alarm clock bakelike ivory,alarm clock bakelike green,0.5876068376068376
lunch bag cars blue,lunch bag spaceboy design,0.5828729281767956
lunch bag spaceboy design,lunch bag  black skull.,0.5793650793650794
regency tea plate roses,roses regency teacup and saucer,0.5792682926829268
wooden frame antique white,wooden picture frame white finish,0.5770653514180024
green regency teacup and saucer,regency cakestand 3 tier,0.5767097966728282
lunch bag pink polkadot,lunch bag cars blue,0.5754189944134077
round snack boxes set of 4 fruits,round snack boxes set of4 woodland,0.5720524017467249
lunch bag red retrospot,lunch bag  black skull.,0.5720524017467249
lunch bag cars blue,lunch bag  black skull.,0.5717948717948718
lunch bag  black skull.,lunch bag pink polkadot,0.5706051873198847
lunch bag spaceboy design,lunch bag  black skull.,0.5703324808184143
hot water bottle i am so poorly,chocolate hot water bottle,0.5702970297029702
regency cakestand 3 tier,pink regency teacup and saucer,0.569047619047619
christmas craft tree top angel,christmas craft little friends,0.5689655172413793
lunch bag spaceboy design,lunch bag pink polkadot,0.567774936061381
lunch bag  black skull.,lunch bag cars blue,0.5648414985590777
green regency teacup and saucer,pink regency teacup and saucer,0.5643994211287988
hand warmer bird design,hand warmer owl design,0.5632911392405063
lunch bag pink polkadot,lunch bag red retrospot,0.5617615467239527
lunch bag apple design,lunch bag  black skull.,0.5611111111111111
jumbo storage bag suki,jumbo bag red retrospot,0.5607235142118863
lunch bag apple design,lunch bag suki design,0.5604113110539846
jumbo bag red retrospot,jumbo bag pink polkadot,0.5603864734299517
lunch bag pink polkadot,lunch bag cars blue,0.5603448275862069
lunch bag red retrospot,lunch bag  black skull.,0.56
lunch bag red retrospot,lunch bag pink polkadot,0.56
jumbo bag spaceboy design,jumbo bag red retrospot,0.559748427672956
alarm clock bakelike pink,alarm clock bakelike green,0.5595432300163132
jumbo  bag baroque black white,jumbo bag red retrospot,0.5577812018489984
roses regency teacup and saucer,pink regency teacup and saucer,0.5568326947637292
blue diner wall clock,red diner wall clock,0.5562130177514792
set of tea coffee sugar tins pantry,set of 3 cake tins pantry design,0.5558441558441558
pink regency teacup and saucer,regency cakestand 3 tier,0.5557553956834533
regency teapot roses,regency sugar bowl green,0.5536723163841808
lunch bag spaceboy design,lunch bag woodland,0.5524625267665952
charlotte bag dolly girl design,red retrospot charlotte bag,0.5510204081632653
lunch bag spaceboy design,lunch bag  black skull.,0.550321199143469
large white heart of wicker,small white heart of wicker,0.5499021526418786
jumbo bag pink vintage paisley,jumbo bag red retrospot,0.5498338870431894
hand warmer red retrospot,hand warmer owl design,0.5483870967741935
pink regency teacup and saucer,green regency teacup and saucer,0.5481651376146789
regency teapot roses,regency cakestand 3 tier,0.5480225988700566
lunch bag red retrospot,lunch bag pink polkadot,0.5473441108545035
hand warmer red love heart,hand warmer owl design,0.5471698113207547
lunch bag  black skull.,lunch bag cars blue,0.5452322738386308
lunch bag pink polkadot,lunch bag woodland,0.5449591280653951
woodland charlotte bag,red retrospot charlotte bag,0.544256120527307
lunch bag  black skull.,lunch bag pink polkadot,0.5427872860635696
regency teapot roses,regency milk jug pink,0.5423728813559322
lunch bag cars blue,lunch bag  black skull.,0.5414364640883979
lunch bag cars blue,lunch bag pink polkadot,0.5414364640883979
green regency teacup and saucer,regency cakestand 3 tier,0.5412445730824891
sweetheart ceramic trinket box,strawberry ceramic trinket box,0.5406824146981627
lunch bag spaceboy design,lunch bag cars blue,0.5396825396825397
lunch bag spaceboy design,lunch bag woodland,0.5396419437340153
lunch bag spaceboy design,lunch bag pink polkadot,0.5382775119617225
set of 12 mini loaf baking cases,set of 6 snack loaf baking cases,0.5376044568245125
poppy's playhouse kitchen,poppy's playhouse livingroom,0.5375722543352601
lunch bag spaceboy design,lunch bag pink polkadot,0.5374732334047109
bathroom metal sign,toilet metal sign,0.5369928400954653
regency teapot roses,roses regency teacup and saucer,0.5367231638418078
roses regency teacup and saucer,regency cakestand 3 tier,0.5363984674329502
lunch bag  black skull.,lunch bag suki design,0.5360230547550432
lunch bag  black skull.,lunch bag spaceboy design,0.5354523227383864
jumbo bag scandinavian blue paisley,jumbo bag pink vintage paisley,0.5343680709534369
wooden picture frame white finish,wooden frame antique white,0.5342465753424657
60 cake cases dolly girl design,pack of 72 retrospot cake cases,0.5338983050847458
lunch bag spaceboy design,lunch bag cars blue,0.5334928229665072
lunch bag pink polkadot,lunch bag cars blue,0.5334608030592735
jumbo bag woodland animals,jumbo bag red retrospot,0.532520325203252
lunch bag red retrospot,lunch bag cars blue,0.5311778290993072
lunch bag red retrospot,lunch bag  black skull.,0.5311778290993072
lunch bag  black skull.,lunch bag spaceboy design,0.5296912114014252
lunch bag  black skull.,lunch bag suki design,0.5296912114014252
set of 12 mini loaf baking cases,set of 6 tea time baking cases,0.5292479108635098
set of 12 fairy cake baking cases,set of 12 mini loaf baking cases,0.5290322580645161
lunch bag cars blue,lunch bag pink polkadot,0.5282051282051282
lunch bag woodland,lunch bag red retrospot,0.5280487804878049
lunch bag red retrospot,lunch bag cars blue,0.5266666666666667
jumbo storage bag skulls,jumbo bag red retrospot,0.5265392781316348
blue harmonica in box,red  harmonica in box,0.5261121856866537
lunch bag spaceboy design,lunch bag woodland,0.5252808988764044
lunch bag apple design,lunch bag  black skull.,0.5244215938303343
lunch bag spaceboy design,lunch bag suki design,0.5239234449760766
lunch bag cars blue,lunch bag spaceboy design,0.5230769230769231
wooden star christmas scandinavian,wooden tree christmas scandinavian,0.5219399538106236
lunch bag spaceboy design,lunch bag suki design,0.5217391304347826
lunch bag spaceboy design,lunch bag cars blue,0.5209876543209876
pack of 60 spaceboy cake cases,pack of 72 retrospot cake cases,0.5208845208845209
lunch bag pink polkadot,lunch bag spaceboy design,0.5199063231850117
pink regency teacup and saucer,regency cakestand 3 tier,0.5195652173913043
lunch bag spaceboy design,lunch bag  black skull.,0.5185185185185185
lunch bag red retrospot,lunch bag suki design,0.5174672489082969
lunch bag dolly girl design,lunch bag red retrospot,0.5167224080267558
vintage heads and tails card game,vintage snap cards,0.5154639175257733
pink blue felt craft trinket box,pink cream felt craft trinket box,0.5142231947483589
lunch bag red retrospot,lunch bag spaceboy design,0.5131004366812227
lunch bag red retrospot,lunch bag suki design,0.5127020785219399
ivory diner wall clock,red diner wall clock,0.5115089514066496
jumbo bag pears,jumbo bag vintage leaf,0.5106382978723404
hand warmer scotty dog design,hand warmer bird design,0.5095541401273885
charlotte bag suki design,red retrospot charlotte bag,0.5094017094017094
lunch bag vintage leaf design,lunch bag apple design,0.5092127303182579
lunch bag red retrospot,lunch bag spaceboy design,0.508888888888889
heart of wicker large,heart of wicker small,0.5081148564294632
jumbo storage bag suki,jumbo bag pink polkadot,0.5069124423963134
lunch bag red retrospot,lunch bag cars blue,0.5067698259187621
hand warmer bird design,hand warmer scotty dog design,0.5063291139240507
hot water bottle tea and sympathy,chocolate hot water bottle,0.5058365758754864
pack of 60 dinosaur cake cases,pack of 72 retrospot cake cases,0.504725897920605
plasters in tin spaceboy,plasters in tin woodland animals,0.5043177892918825
lunch bag apple design,lunch bag spaceboy design,0.5038560411311054
alarm clock bakelike red,alarm clock bakelike pink,0.5037735849056604
lunch bag spaceboy design,lunch bag cars blue,0.5032119914346895
lunch bag spaceboy design,lunch bag woodland,0.5023923444976077
60 teatime fairy cake cases,pack of 72 retrospot cake cases,0.502283105022831
lunch bag red retrospot,lunch bag woodland,0.5021834061135371
jumbo shopper vintage red paisley,jumbo bag red retrospot,0.5012658227848101
pack of 60 pink paisley cake cases,pack of 72 retrospot cake cases,0.5007473841554559
lunch bag suki design,lunch bag red retrospot,0.5005561735261401
alarm clock bakelike ivory,alarm clock bakelike pink,0.5
lunch bag apple design,lunch bag pink polkadot,0.49871465295629824
lunch bag apple design,lunch bag woodland,0.49871465295629824
lunch bag pink polkadot,lunch bag  black skull.,0.4983888292158969
roses regency teacup and saucer,pink regency teacup and saucer,0.49808429118773945
plasters in tin woodland animals,plasters in tin spaceboy,0.49744463373083475
lunch bag red retrospot,lunch bag spaceboy design,0.49709864603481624
pack of 72 skull cake cases,pack of 72 retrospot cake cases,0.4969939879759519
charlotte bag apples design,red retrospot charlotte bag,0.4964705882352941
love building block word,home building block word,0.49549549549549543
lunch bag woodland,lunch bag spaceboy design,0.4939024390243903
lunch bag  black skull.,lunch bag apple design,0.4938875305623472
lunch bag spaceboy design,lunch bag pink polkadot,0.4938271604938272
lunch bag red retrospot,lunch bag woodland,0.49333333333333335
jumbo bag owls,jumbo bag red retrospot,0.4914841849148418
lunch bag  black skull.,lunch bag red retrospot,0.4914448669201521
plasters in tin circus parade,plasters in tin woodland animals,0.491362763915547
hand warmer owl design,hand warmer scotty dog design,0.49125874125874125
lunch bag spaceboy design,lunch bag suki design,0.49036402569593146
jumbo bag apples,jumbo bag red retrospot,0.48885793871866295
set of 3 butterfly cookie cutters,set of 3 heart cookie cutters,0.4879518072289157
plasters in tin strongman,plasters in tin circus parade,0.48775055679287305
lunch bag red retrospot,lunch bag suki design,0.4874274661508704
pink regency teacup and saucer,green regency teacup and saucer,0.48741007194244607
love hot water bottle,hot water bottle keep calm,0.48552338530066813
lunch bag pink polkadot,lunch bag spaceboy design,0.48491379310344823
red  harmonica in box,blue harmonica in box,0.4848484848484848
lunch bag red retrospot,lunch bag apple design,0.48444444444444446
small white heart of wicker,large white heart of wicker,0.4828178694158075
lunch bag pink polkadot,lunch bag suki design,0.48243559718969553
christmas craft little friends,christmas craft white fairy,0.4821852731591449
lunch bag pink polkadot,lunch bag suki design,0.4818355640535373
red diner wall clock,ivory diner wall clock,0.48076923076923084
lunch bag pink polkadot,lunch bag spaceboy design,0.47992351816443596
feltcraft cushion owl,feltcraft cushion rabbit,0.47961630695443647
lunch bag pink polkadot,lunch bag suki design,0.4784482758620689
pink regency teacup and saucer,regency cakestand 3 tier,0.47661870503597126
lunch bag alphabet design,lunch bag apple design,0.4760432766615147
strawberry charlotte bag,charlotte bag suki design,0.47560975609756095
jumbo shopper vintage red paisley,jumbo bag pink polkadot,0.47474747474747475
lunch bag cars blue,lunch bag red retrospot,0.47412008281573503
hand warmer union jack,hand warmer owl design,0.473922902494331
lunch bag spaceboy design,lunch bag red retrospot,0.472672064777328
jumbo shopper vintage red paisley,jumbo storage bag suki,0.47222222222222215
christmas craft little friends,christmas craft tree top angel,0.47030878859857483
plasters in tin circus parade,plasters in tin spaceboy,0.47024952015355087
jumbo bag doiley patterns,lunch bag doiley pattern,0.4691629955947137
jumbo bag vintage doily,jumbo bag red retrospot,0.4685990338164251
recipe box retrospot,recipe box pantry yellow design,0.4671201814058956
pack of 60 spaceboy cake cases,pack of 60 dinosaur cake cases,0.4668304668304668
hand warmer owl design,hand warmer bird design,0.46678321678321677
set of 3 heart cookie cutters,set of 3 butterfly cookie cutters,0.46641074856046066
charlotte bag pink polkadot,charlotte bag suki design,0.4661190965092402
lunch bag  black skull.,lunch bag woodland,0.4655581947743468
set of 12 fairy cake baking cases,set of 6 tea time baking cases,0.46236559139784944
lunch bag spaceboy design,lunch bag dolly girl design,0.46172839506172836
paper chain kit 50's christmas,paper chain kit vintage christmas,0.46020408163265303
alarm clock bakelike ivory,alarm clock bakelike red,0.4594017094017094
lunch bag doiley pattern,jumbo bag doiley patterns,0.45905172413793105
lunch bag pink polkadot,lunch bag woodland,0.45901639344262296
lunch bag pink polkadot,lunch bag cars blue,0.45864661654135336
lunch bag  black skull.,lunch bag pink polkadot,0.4584323040380048
lunch bag spaceboy design,lunch bag dolly girl design,0.45824411134903636
cook with wine metal sign,gin + tonic diet metal sign,0.4568106312292359
set of 6 spice tins pantry design,set of 3 cake tins pantry design,0.4563552833078101
woodland charlotte bag,charlotte bag suki design,0.455743879472693
lunch bag suki design,lunch bag  black skull.,0.45494994438264735
lunch bag  black skull.,lunch bag woodland,0.45476772616136923
lunch bag vintage doily,lunch bag red retrospot,0.45353159851301117
lunch bag pink polkadot,lunch bag woodland,0.4531548757170172
lunch bag pink polkadot,lunch bag red retrospot,0.4519906323185012
red diner wall clock,blue diner wall clock,0.4519230769230769
alarm clock bakelike red,alarm clock bakelike pink,0.451539338654504
green regency teacup and saucer,regency cakestand 3 tier,0.4515195369030391
72 sweetheart fairy cake cases,pack of 72 retrospot cake cases,0.4510978043912176
lunch bag apple design,lunch bag red retrospot,0.4491916859122402
lunch bag red retrospot,lunch bag apple design,0.4480369515011548
jumbo bag strawberry,jumbo bag pink polkadot,0.44801223241590216
plasters in tin strongman,plasters in tin woodland animals,0.44766146993318484
jumbo bag vintage leaf,jumbo bag red retrospot,0.44689119170984454
lunch bag red retrospot,lunch bag woodland,0.4448742746615087
hand over the chocolate   sign,cook with wine metal sign,0.44406779661016954
hot water bottle tea and sympathy,hot water bottle keep calm,0.44357976653696496
72 sweetheart fairy cake cases,60 teatime fairy cake cases,0.4431137724550898
lunch bag cars blue,lunch bag pink polkadot,0.44202898550724634
green regency teacup and saucer,pink regency teacup and saucer,0.4417744916820703
lunch bag dolly girl design,lunch bag  black skull.,0.4414715719063545
lunch bag woodland,lunch bag cars blue,0.4414634146341463
lunch bag  black skull.,lunch bag pink polkadot,0.44106463878326996
lunch bag vintage leaf design,lunch bag red retrospot,0.440536013400335
round snack boxes set of4 woodland,round snack boxes set of 4 fruits,0.4403361344537815
cook with wine metal sign,please one person metal sign,0.44019933554817275
lunch bag red retrospot,lunch bag pink polkadot,0.43999999999999995
jumbo storage bag skulls,jumbo bag pink polkadot,0.4394904458598726
pink cream felt craft trinket box,pink blue felt craft trinket box,0.4392523364485982
jumbo bag scandinavian blue paisley,jumbo shopper vintage red paisley,0.43902439024390244
jumbo bag pears,jumbo bag red retrospot,0.4361702127659574
jumbo bag doiley patterns,jumbo bag vintage leaf,0.43612334801762115
plasters in tin woodland animals,plasters in tin circus parade,0.43611584327086883
lunch bag cars blue,lunch bag  black skull.,0.4358178053830228
red retrospot charlotte bag,charlotte bag pink polkadot,0.435723951285521
alarm clock bakelike pink,alarm clock bakelike red,0.4355628058727569
cook with wine metal sign,hand over the chocolate   sign,0.43521594684385384
strawberry charlotte bag,woodland charlotte bag,0.43495934959349597
alarm clock bakelike green,alarm clock bakelike pink,0.4347275031685678
jumbo bag apples,jumbo bag pears,0.43454038997214495
set of 12 fairy cake baking cases,set of 6 snack loaf baking cases,0.43440860215053767
lunch bag suki design,lunch bag cars blue,0.4338153503893215
wooden heart christmas scandinavian,wooden tree christmas scandinavian,0.4319654427645789
jumbo storage bag suki,jumbo shopper vintage red paisley,0.4308755760368663
hand warmer union jack,hand warmer scotty dog design,0.43083900226757366
pink regency teacup and saucer,regency cakestand 3 tier,0.4298561151079137
charlotte bag pink polkadot,strawberry charlotte bag,0.42915811088295686
jumbo bag spaceboy design,jumbo bag pink polkadot,0.4276729559748428
plasters in tin strongman,plasters in tin spaceboy,0.42761692650334077
ivory kitchen scales,red kitchen scales,0.4274193548387097
lunch bag pink polkadot,lunch bag woodland,0.4267241379310345
lunch bag dolly girl design,lunch bag suki design,0.42642140468227424
60 teatime fairy cake cases,pack of 60 pink paisley cake cases,0.4261796042617961
jumbo bag pink polkadot,jumbo bag strawberry,0.4249084249084249
strawberry charlotte bag,charlotte bag pink polkadot,0.4247967479674797
jumbo bag pink vintage paisley,jumbo shopper vintage red paisley,0.4235880398671097
heart of wicker small,heart of wicker large,0.42351716961498437
lunch bag woodland,lunch bag  black skull.,0.4231707317073171
plasters in tin spaceboy,plasters in tin circus parade,0.42314335060449054
lunch bag spaceboy design,lunch bag  black skull.,0.4230769230769231
lunch bag dolly girl design,lunch bag woodland,0.4230769230769231
lunch bag vintage leaf design,lunch bag suki design,0.42211055276381904
hand over the chocolate   sign,gin + tonic diet metal sign,0.42203389830508475
lunch bag vintage doily,jumbo bag vintage doily,0.42193308550185876
pack of 60 dinosaur cake cases,60 teatime fairy cake cases,0.42155009451795844
lunch bag red retrospot,lunch bag pink polkadot,0.42139737991266374
jumbo bag scandinavian blue paisley,jumbo bag pink polkadot,0.4212860310421286
lunch bag suki design,lunch bag spaceboy design,0.42046718576195774
plasters in tin circus parade,plasters in tin strongman,0.4203454894433782
jumbo bag pink vintage paisley,jumbo bag pink polkadot,0.42026578073089704
gin + tonic diet metal sign,cook with wine metal sign,0.4198473282442748
lunch bag spaceboy design,lunch bag apple design,0.41970021413276226
pack of 60 pink paisley cake cases,60 teatime fairy cake cases,0.41853512705530643
jumbo bag 50's christmas,jumbo bag vintage christmas,0.4180887372013652
jumbo bag spaceboy design,jumbo storage bag suki,0.4171907756813417
jumbo storage bag skulls,jumbo storage bag suki,0.416135881104034
lunch bag doiley pattern,lunch bag apple design,0.41594827586206895
lunch bag pink polkadot,lunch bag red retrospot,0.41594827586206895
lunch bag apple design,lunch bag suki design,0.41570438799076215
retrospot heart hot water bottle,scottie dog hot water bottle,0.4146341463414634
charlotte bag suki design,woodland charlotte bag,0.41367521367521365
jumbo bag apples,lunch bag apple design,0.4122562674094708
chocolate hot water bottle,hot water bottle i am so poorly,0.41142857142857137
lunch bag spaceboy design,lunch bag woodland,0.409919028340081
lunch bag dolly girl design,lunch bag cars blue,0.4096989966555184
lunch bag vintage leaf design,lunch bag alphabet design,0.4087102177554438
lunch bag vintage leaf design,lunch bag  black skull.,0.40703517587939697
strawberry ceramic trinket box,sweetheart ceramic trinket box,0.4063116370808678
lunch bag red retrospot,lunch bag pink polkadot,0.40605590062111807
alarm clock bakelike red,alarm clock bakelike ivory,0.40566037735849053
lunch bag cars blue,lunch bag spaceboy design,0.4047619047619048
jumbo bag woodland animals,jumbo bag pink polkadot,0.40447154471544716
plasters in tin vintage paisley,plasters in tin woodland animals,0.40416666666666673
lunch bag cars blue,lunch bag suki design,0.4037267080745342
hand warmer scotty dog design,hand warmer union jack,0.4033970276008492
red retrospot charlotte bag,charlotte bag suki design,0.40324763193504737
woodland charlotte bag,strawberry charlotte bag,0.4030131826741996
jumbo bag pink polkadot,jumbo storage bag suki,0.40293040293040294
charlotte bag pink polkadot,woodland charlotte bag,0.40246406570841886
lunch bag red retrospot,lunch bag  black skull.,0.40139751552795033
60 cake cases vintage christmas,set of 20 vintage christmas napkins,0.4012875536480686
red retrospot charlotte bag,strawberry charlotte bag,0.4005412719891746
lunch bag suki design,lunch bag apple design,0.40044493882091214
jumbo bag pink vintage paisley,jumbo bag scandinavian blue paisley,0.40033222591362133
lunch bag  black skull.,lunch bag cars blue,0.400190114068441
round snack boxes set of4 woodland,postage,0.4
charlotte bag suki design,strawberry charlotte bag,0.39999999999999997
lunch bag alphabet design,lunch bag red retrospot,0.3987635239567234
roses regency teacup and saucer,green regency teacup and saucer,0.3984674329501916
hand over the chocolate   sign,please one person metal sign,0.39830508474576276
lunch bag suki design,lunch bag pink polkadot,0.39822024471635153
home building block word,love building block word,0.3979739507959479
lunch bag  black skull.,lunch bag spaceboy design,0.39733840304182505
lunch bag alphabet design,lunch bag suki design,0.3972179289026275
lunch bag spaceboy design,lunch bag cars blue,0.39574898785425106
jumbo bag apples,jumbo bag vintage leaf,0.3955431754874652
lunch bag red retrospot,lunch bag apple design,0.3945841392649903
lunch bag pink polkadot,lunch bag spaceboy design,0.39419978517722876
jumbo bag alphabet,jumbo bag red retrospot,0.3936170212765957
lunch bag dolly girl design,lunch bag pink polkadot,0.39297658862876256
green regency teacup and saucer,pink regency teacup and saucer,0.39218523878437045
red retrospot charlotte bag,woodland charlotte bag,0.3910690121786198
wood 2 drawer cabinet white finish,wooden picture frame white finish,0.3889980353634578
lunch bag  black skull.,lunch bag suki design,0.38878326996197715
charlotte bag suki design,charlotte bag pink polkadot,0.388034188034188
spotty bunting,party bunting,0.38783649052841473
lunch bag woodland,lunch bag pink polkadot,0.38780487804878044
72 sweetheart fairy cake cases,pack of 60 dinosaur cake cases,0.3872255489021956
jumbo bag apples,jumbo bag alphabet,0.3857938718662953
jumbo  bag baroque black white,jumbo bag pink polkadot,0.38520801232665636
lunch bag pink polkadot,lunch bag suki design,0.3845327604726101
lunch bag spaceboy design,lunch bag suki design,0.3825910931174089
set of 20 vintage christmas napkins,60 cake cases vintage christmas,0.3824130879345603
please one person metal sign,cook with wine metal sign,0.3818443804034582
alarm clock bakelike pink,alarm clock bakelike ivory,0.3817292006525285
gin + tonic diet metal sign,hand over the chocolate   sign,0.38015267175572515
pack of 72 skull cake cases,pack of 60 dinosaur cake cases,0.3787575150300601
lunch bag alphabet design,lunch bag spaceboy design,0.3786707882534776
lunch bag alphabet design,lunch bag vintage leaf design,0.37712519319938176
lunch bag alphabet design,lunch bag  black skull.,0.37712519319938176
lunch bag vintage leaf design,lunch bag spaceboy design,0.37688442211055273
pack of 60 dinosaur cake cases,pack of 60 pink paisley cake cases,0.3761814744801512
large white heart of wicker,heart of wicker large,0.37573385518590996
lunch bag cars blue,lunch bag woodland,0.3747412008281573
lunch bag woodland,lunch bag suki design,0.374390243902439
red retrospot charlotte bag,jumbo bag red retrospot,0.3734776725304466
lunch bag red retrospot,lunch bag pink polkadot,0.3733075435203094
lunch bag vintage doily,lunch bag  black skull.,0.3717472118959108
lunch bag spaceboy design,lunch bag pink polkadot,0.37145748987854255
chocolate hot water bottle,hot water bottle tea and sympathy,0.37142857142857144
jumbo  bag baroque black white,jumbo storage bag suki,0.3713405238828968
lunch bag pink polkadot,lunch bag apple design,0.37093690248565964
hot water bottle i am so poorly,hot water bottle tea and sympathy,0.37029702970297024
hot water bottle i am so poorly,hot water bottle keep calm,0.37029702970297024
lunch bag apple design,lunch bag  black skull.,0.3695150115473441
woodland charlotte bag,charlotte bag pink polkadot,0.3691148775894538
lunch bag pink polkadot,lunch bag  black skull.,0.36902485659655826
jumbo bag alphabet,jumbo bag apples,0.3683510638297872
jumbo bag vintage leaf,jumbo bag apples,0.3678756476683938
pack of 60 dinosaur cake cases,72 sweetheart fairy cake cases,0.36672967863894146
scottie dog hot water bottle,chocolate hot water bottle,0.36585365853658536
jumbo bag vintage doily,lunch bag vintage doily,0.3655394524959742
wood 2 drawer cabinet white finish,wooden frame antique white,0.36542239685658157
hand warmer owl design,hand warmer union jack,0.36538461538461536
jumbo  bag baroque black white,jumbo shopper vintage red paisley,0.36517719568567025
baking set 9 piece retrospot,baking set spaceboy design,0.36416861826697894
jumbo bag vintage doily,jumbo bag vintage leaf,0.36392914653784214
hot water bottle tea and sympathy,hot water bottle i am so poorly,0.3638132295719844
lunch bag woodland,lunch bag apple design,0.36341463414634145
jumbo storage bag suki,jumbo bag pink polkadot,0.36304909560723514
lunch bag red retrospot,lunch bag spaceboy design,0.3625776397515528
heart of wicker large,white hanging heart t-light holder,0.3620474406991261
lunch bag alphabet design,lunch bag cars blue,0.3616692426584235
lunch bag spaceboy design,lunch bag dolly girl design,0.3603238866396762
gin + tonic diet metal sign,please one person metal sign,0.3603053435114504
pack of 60 dinosaur cake cases,pack of 60 spaceboy cake cases,0.3591682419659735
alarm clock bakelike red,alarm clock bakelike ivory,0.3580387685290764
lunch bag apple design,lunch bag spaceboy design,0.3579676674364896
lunch bag dolly girl design,lunch bag spaceboy design,0.35785953177257523
lunch bag pink polkadot,jumbo bag red retrospot,0.3575525812619502
pack of 60 dinosaur cake cases,pack of 72 skull cake cases,0.3572778827977316
lunch bag alphabet design,jumbo bag alphabet,0.357032457496136
lunch bag apple design,lunch bag alphabet design,0.35565819861431874
lunch bag red retrospot,lunch bag cars blue,0.3555900621118013
hand warmer owl design,hand warmer red love heart,0.35489510489510484
jam making set printed,jam making set with jars,0.3548387096774194
jumbo bag strawberry,jumbo bag pink polkadot,0.35474006116207957
lunch bag vintage doily,lunch bag spaceboy design,0.3531598513011152
wooden picture frame white finish,white hanging heart t-light holder,0.3515981735159817
chocolate hot water bottle,hot water bottle keep calm,0.35142857142857137
lunch bag vintage doily,lunch bag suki design,0.3513011152416357
lunch bag apple design,lunch bag vintage leaf design,0.3510392609699769
jam making set with jars,jam making set printed,0.3507972665148064
lunch bag vintage leaf design,jumbo bag vintage leaf,0.3500837520938023
lunch bag red retrospot,lunch bag suki design,0.3493788819875776
alarm clock bakelike green,alarm clock bakelike ivory,0.3485424588086185
jumbo bag alphabet,jumbo bag vintage leaf,0.3484042553191489
set of 3 regency cake tins,regency cakestand 3 tier,0.34818941504178275
lunch bag alphabet design,lunch bag pink polkadot,0.34775888717156106
vintage snap cards,vintage heads and tails card game,0.3462603878116343
green regency teacup and saucer,regency cakestand 3 tier,0.3458755426917511
small white heart of wicker,heart of wicker small,0.34536082474226804
jumbo bag pink polkadot,jumbo shopper vintage red paisley,0.3443223443223443
lunch bag apple design,lunch bag woodland,0.3441108545034642
chocolate hot water bottle,scottie dog hot water bottle,0.3428571428571428
plasters in tin woodland animals,plasters in tin strongman,0.34241908006814314
hot water bottle keep calm,chocolate hot water bottle,0.3421418636995827
lunch bag apple design,jumbo bag apples,0.3418013856812933
lunch bag pink polkadot,lunch bag woodland,0.34156820622986034
lunch bag suki design,lunch bag woodland,0.3414905450500556
jumbo bag red retrospot,jumbo bag pink polkadot,0.34125
lunch bag dolly girl design,lunch bag apple design,0.3411371237458194
please one person metal sign,gin + tonic diet metal sign,0.34005763688760804
lunch bag vintage leaf design,lunch bag cars blue,0.3400335008375209
60 teatime fairy cake cases,pack of 60 dinosaur cake cases,0.33942161339421617
jumbo bag vintage leaf,jumbo bag alphabet,0.3393782383419689
please one person metal sign,hand over the chocolate   sign,0.33861671469740634
roses regency teacup and saucer,pink regency teacup and saucer,0.3384418901660281
alarm clock bakelike green,alarm clock bakelike pink,0.33840304182509506
60 teatime fairy cake cases,72 sweetheart fairy cake cases,0.3378995433789954
scottie dog hot water bottle,retrospot heart hot water bottle,0.33689024390243905
jumbo bag pink polkadot,jumbo bag strawberry,0.33639494833524686
lunch bag red retrospot,lunch bag woodland,0.3361801242236025
lunch bag apple design,lunch bag cars blue,0.3348729792147806
lunch bag apple design,lunch bag pink polkadot,0.3348729792147806
jumbo bag pink vintage paisley,jumbo bag strawberry,0.3338870431893688
jumbo bag strawberry,jumbo storage bag suki,0.3318042813455658
plasters in tin spaceboy,plasters in tin strongman,0.3316062176165803
lunch bag pink polkadot,lunch bag red retrospot,0.3308270676691729
plasters in tin woodland animals,plasters in tin vintage paisley,0.3304940374787053
lunch bag red retrospot,jumbo bag red retrospot,0.3299689440993789
lunch bag  black skull.,lunch bag woodland,0.32984790874524716
lunch bag vintage leaf design,lunch bag pink polkadot,0.3283082077051926
hand warmer owl design,hand warmer red retrospot,0.32692307692307687
jumbo storage bag suki,jumbo shopper vintage red paisley,0.3268733850129199
charlotte bag suki design,lunch bag red retrospot,0.3264957264957265
pack of 72 retrospot cake cases,pack of 60 pink paisley cake cases,0.32555879494655005
red retrospot charlotte bag,lunch bag red retrospot,0.32476319350473615
jumbo bag pink vintage paisley,jumbo storage bag suki,0.3239202657807309
jumbo shopper vintage red paisley,jumbo bag pink vintage paisley,0.3227848101265823
jumbo bag pink polkadot,jumbo storage bag suki,0.32261768082663606
pack of 72 retrospot cake cases,60 teatime fairy cake cases,0.3206997084548105
jumbo shopper vintage red paisley,jumbo storage bag suki,0.320253164556962
recipe box pantry yellow design,set of 3 cake tins pantry design,0.32004830917874394
lunch bag vintage leaf design,lunch bag woodland,0.3182579564489112
hot water bottle keep calm,hot water bottle tea and sympathy,0.3171070931849791
jumbo  bag baroque black white,jumbo bag strawberry,0.31587057010785824
lunch bag alphabet design,lunch bag woodland,0.3153013910355487
lunch bag woodland,lunch bag spaceboy design,0.3146341463414634
wooden frame antique white,white hanging heart t-light holder,0.31442663378545005
lunch bag spaceboy design,lunch bag apple design,0.31376518218623484
jumbo bag strawberry,jumbo  bag baroque black white,0.31345565749235477
set/20 red retrospot paper napkins,set/6 red spotty paper plates,0.3128415300546448
lunch bag dolly girl design,lunch bag spaceboy design,0.3127090301003344
lunch bag pink polkadot,lunch bag apple design,0.31149301825993553
jumbo storage bag suki,jumbo  bag baroque black white,0.3113695090439277
jumbo bag vintage leaf,jumbo bag pears,0.31088082901554404
jumbo bag apples,jumbo bag pink polkadot,0.3105849582172702
jumbo shopper vintage red paisley,jumbo bag pink polkadot,0.30886075949367087
lunch bag woodland,lunch bag dolly girl design,0.30853658536585366
jumbo storage bag suki,lunch bag red retrospot,0.3074935400516796
jumbo bag strawberry,jumbo bag pink vintage paisley,0.30733944954128445
jumbo bag alphabet,lunch bag alphabet design,0.30718085106382975
roses regency teacup and saucer,pink regency teacup and saucer,0.3052362707535121
alarm clock bakelike red,alarm clock bakelike pink,0.30444697833523376
lunch bag  black skull.,lunch bag apple design,0.3041825095057034
hot water bottle keep calm,love hot water bottle,0.3031988873435327
home building block word,white hanging heart t-light holder,0.30246020260492035
lunch bag red retrospot,lunch bag apple design,0.30201863354037267
lunch bag cars blue,lunch bag apple design,0.3002070393374741
jumbo shopper vintage red paisley,jumbo  bag baroque black white,0.3
ivory kitchen scales,mint kitchen scales,0.3
lunch bag pink polkadot,lunch bag red retrospot,0.2996777658431794
lunch bag pink polkadot,jumbo bag red retrospot,0.2975295381310419
pack of 60 pink paisley cake cases,pack of 60 dinosaur cake cases,0.2974588938714499
lunch bag  black skull.,lunch bag pink polkadot,0.29277566539923955
jumbo bag vintage leaf,jumbo bag vintage doily,0.29274611398963735
set/20 red retrospot paper napkins,pack of 72 retrospot cake cases,0.2909836065573771
jumbo bag pink polkadot,jumbo bag pink vintage paisley,0.29047072330654417
lunch bag woodland,lunch bag pink polkadot,0.2890243902439024
lunch bag cars blue,lunch bag pink polkadot,0.28881987577639756
jumbo bag pink polkadot,jumbo  bag baroque black white,0.2870264064293915
jumbo storage bag suki,lunch bag suki design,0.28682170542635654
lunch bag suki design,lunch bag alphabet design,0.28587319243604004
red retrospot charlotte bag,charlotte bag apples design,0.2855209742895805
jumbo storage bag suki,jumbo bag pink polkadot,0.2842377260981912
spaceboy lunch box,lunch bag spaceboy design,0.2840909090909091
lunch bag suki design,lunch bag dolly girl design,0.2836484983314794
party bunting,spotty bunting,0.2820884699057288
retrospot tea set ceramic 11 pc,baking set 9 piece retrospot,0.2818955042527339
jumbo bag pink polkadot,lunch bag pink polkadot,0.2812858783008037
alarm clock bakelike red,alarm clock bakelike orange,0.2805017103762828
lunch bag woodland,lunch bag red retrospot,0.2804878048780488
lunch bag woodland,lunch bag red retrospot,0.2804878048780488
jumbo storage bag suki,jumbo bag strawberry,0.28036175710594313
lunch bag suki design,lunch bag red retrospot,0.2803114571746385
lunch bag suki design,lunch bag pink polkadot,0.2803114571746385
lunch bag suki design,lunch bag vintage leaf design,0.2803114571746385
jumbo bag pink polkadot,jumbo shopper vintage red paisley,0.2801377726750861
lunch bag pink polkadot,lunch bag  black skull.,0.27926960257787325
heart of wicker small,white hanging heart t-light holder,0.2788761706555671
alarm clock bakelike green,alarm clock bakelike orange,0.2788339670468948
jam making set with jars,set of 3 cake tins pantry design,0.275626423690205
jumbo bag apples,lunch bag red retrospot,0.2743732590529248
natural slate heart chalkboard,white hanging heart t-light holder,0.27404343329886244
jumbo bag pink polkadot,lunch bag red retrospot,0.27324913892078073
alarm clock bakelike green,alarm clock bakelike red,0.2724968314321926
red retrospot charlotte bag,lunch bag  black skull.,0.27198917456021654
baking set 9 piece retrospot,retrospot tea set ceramic 11 pc,0.2716627634660422
jumbo bag red retrospot,jumbo storage bag suki,0.27125
lunch bag cars blue,lunch bag red retrospot,0.2712215320910973
lunch bag woodland,lunch bag red retrospot,0.27073170731707313
jumbo bag vintage leaf,lunch bag vintage leaf design,0.2707253886010363
lunch bag pink polkadot,lunch bag red retrospot,0.2706766917293233
jumbo bag apples,jumbo storage bag suki,0.2701949860724234
lunch bag pink polkadot,lunch bag spaceboy design,0.2696025778732546
jumbo bag vintage leaf,jumbo shopper vintage red paisley,0.2694300518134715
lunch bag cars blue,lunch bag pink polkadot,0.26915113871635615
jumbo bag pink polkadot,jumbo bag red retrospot,0.2663605051664753
alarm clock bakelike green,alarm clock bakelike chocolate,0.2661596958174905
jumbo bag red retrospot,lunch bag red retrospot,0.265625
lunch bag cars blue,jumbo bag red retrospot,0.2650103519668737
lunch bag suki design,lunch bag red retrospot,0.26362625139043383
jumbo shopper vintage red paisley,jumbo bag vintage leaf,0.26329113924050634
lunch bag pink polkadot,jumbo bag pink polkadot,0.2631578947368421
set/20 red retrospot paper napkins,set/6 red spotty paper cups,0.26229508196721313
jumbo bag alphabet,jumbo bag pink polkadot,0.261968085106383
lunch bag spaceboy design,lunch bag red retrospot,0.2611336032388664
lunch bag spaceboy design,lunch bag red retrospot,0.2601214574898786
hot water bottle keep calm,hot water bottle i am so poorly,0.26008344923504867
set of 3 cake tins pantry design,set of 6 spice tins pantry design,0.2600349040139616
pack of 72 retrospot cake cases,pack of 60 dinosaur cake cases,0.2594752186588921
lunch bag suki design,jumbo bag red retrospot,0.25917686318131256
jumbo bag vintage leaf,jumbo storage bag suki,0.2590673575129534
jumbo bag red retrospot,jumbo bag strawberry,0.25875
lunch bag  black skull.,jumbo bag red retrospot,0.2585551330798479
jumbo storage bag suki,jumbo bag vintage leaf,0.2583979328165375
alarm clock bakelike red,alarm clock bakelike chocolate,0.25769669327252
lunch bag woodland,lunch bag spaceboy design,0.2573170731707317
jumbo storage bag suki,jumbo bag spaceboy design,0.2571059431524548
jumbo bag vintage leaf,jumbo bag doiley patterns,0.25647668393782386
lunch bag apple design,jumbo bag red retrospot,0.25635103926096997
lunch bag woodland,lunch bag spaceboy design,0.25609756097560976
jumbo bag pink polkadot,jumbo bag apples,0.25602755453501724
red retrospot charlotte bag,charlotte bag dolly girl design,0.2557510148849797
jumbo bag vintage leaf,jumbo bag pink polkadot,0.2551813471502591
lunch bag suki design,lunch bag spaceboy design,0.25472747497219134
lunch bag pink polkadot,lunch bag red retrospot,0.25456498388829213
lunch bag spaceboy design,lunch bag pink polkadot,0.25404858299595146
lunch bag cars blue,lunch bag dolly girl design,0.2536231884057971
jumbo storage bag suki,jumbo storage bag skulls,0.2532299741602067
jumbo bag alphabet,jumbo storage bag suki,0.25265957446808507
jumbo bag pink polkadot,jumbo storage bag suki,0.2525832376578645
lunch bag pink polkadot,lunch bag dolly girl design,0.25241675617615467
jumbo storage bag suki,jumbo bag pink vintage paisley,0.25193798449612403
lunch bag apple design,lunch bag red retrospot,0.2517321016166282
lunch bag  black skull.,lunch bag dolly girl design,0.2509505703422053
jumbo storage bag suki,jumbo bag apples,0.25064599483204136
jumbo shopper vintage red paisley,jumbo bag scandinavian blue paisley,0.25063291139240507
lunch bag  black skull.,lunch bag red retrospot,0.24904942965779467
recipe box pantry yellow design,recipe box retrospot,0.24879227053140093
lunch bag woodland,lunch bag alphabet design,0.24878048780487805
lunch bag suki design,lunch bag  black skull.,0.24805339265850945
lunch bag spaceboy design,lunch bag alphabet design,0.2479757085020243
jumbo bag red retrospot,jumbo shopper vintage red paisley,0.2475
lunch bag  black skull.,lunch bag pink polkadot,0.24714828897338403
lunch bag suki design,lunch bag red retrospot,0.24694104560622912
lunch bag suki design,jumbo storage bag suki,0.24694104560622912
lunch bag suki design,lunch bag pink polkadot,0.24694104560622912
regency cakestand 3 tier,roses regency teacup and saucer,0.24662360540223138
jumbo storage bag suki,jumbo bag alphabet,0.24547803617571057
lunch bag cars blue,lunch bag red retrospot,0.2453416149068323
alarm clock bakelike red,alarm clock bakelike green,0.2451539338654504
jumbo shopper vintage red paisley,lunch bag red retrospot,0.24430379746835443
lunch bag  black skull.,lunch bag spaceboy design,0.24429657794676807
lunch bag woodland,lunch bag pink polkadot,0.24390243902439027
lunch bag suki design,lunch bag spaceboy design,0.24360400444938823
lunch bag cars blue,lunch bag spaceboy design,0.2432712215320911
roses regency teacup and saucer,regency teapot roses,0.24265644955300125
roses regency teacup and saucer,regency tea plate roses,0.24265644955300125
lunch bag suki design,lunch bag apple design,0.2424916573971079
lunch bag cars blue,lunch bag alphabet design,0.24223602484472048
lunch bag pink polkadot,lunch bag alphabet design,0.24167561761546721
lunch bag pink polkadot,lunch bag spaceboy design,0.24167561761546721
jumbo storage bag suki,jumbo shopper vintage red paisley,0.24160206718346253
lunch bag woodland,lunch bag pink polkadot,0.24146341463414636
pack of 72 retrospot cake cases,pack of 72 skull cake cases,0.24101068999028183
lunch bag red retrospot,lunch bag dolly girl design,0.23990683229813667
heart of wicker large,large white heart of wicker,0.2397003745318352
lunch bag  black skull.,lunch bag red retrospot,0.23954372623574144
lunch bag red retrospot,lunch bag pink polkadot,0.2391304347826087
lunch bag woodland,lunch bag pink polkadot,0.23902439024390243
lunch bag woodland,lunch bag  black skull.,0.23902439024390243
lunch bag pink polkadot,lunch bag  black skull.,0.238453276047261
lunch bag pink polkadot,lunch bag spaceboy design,0.238453276047261
lunch bag cars blue,lunch bag red retrospot,0.2380952380952381
jumbo shopper vintage red paisley,jumbo bag pink polkadot,0.23797468354430382
lunch bag spaceboy design,lunch bag red retrospot,0.23785425101214577
jumbo bag pink polkadot,jumbo storage bag skulls,0.23765786452353618
jumbo shopper vintage red paisley,jumbo storage bag suki,0.23670886075949366
lunch bag woodland,lunch bag apple design,0.23658536585365855
lunch bag apple design,lunch bag dolly girl design,0.23556581986143188
lunch bag apple design,lunch bag red retrospot,0.23556581986143188
jumbo bag pink polkadot,jumbo bag spaceboy design,0.23421354764638347
lunch bag apple design,lunch bag  black skull.,0.23325635103926098
jam making set printed,set of 3 cake tins pantry design,0.23271889400921658
lunch bag  black skull.,lunch bag alphabet design,0.23193916349809884
lunch bag spaceboy design,lunch bag red retrospot,0.23178137651821865
lunch bag woodland,lunch bag vintage leaf design,0.23170731707317072
set of 3 cake tins pantry design,recipe box pantry yellow design,0.231239092495637
lunch bag  black skull.,lunch bag vintage leaf design,0.2309885931558935
lunch bag cars blue,lunch bag  black skull.,0.2308488612836439
lunch bag cars blue,lunch bag spaceboy design,0.2308488612836439
white hanging heart t-light holder,red hanging heart t-light holder,0.23084728564180618
lunch bag cars blue,lunch bag pink polkadot,0.22981366459627328
wooden frame antique white,wood 2 drawer cabinet white finish,0.22934648581997535
lunch bag suki design,lunch bag pink polkadot,0.22914349276974416
jumbo bag pink polkadot,jumbo bag woodland animals,0.22847301951779564
lunch bag woodland,lunch bag spaceboy design,0.22804878048780486
lunch bag spaceboy design,lunch bag pink polkadot,0.22773279352226722
lunch bag spaceboy design,lunch bag vintage leaf design,0.22773279352226722
recipe box pantry yellow design,jam making set with jars,0.22705314009661837
lunch bag suki design,lunch bag spaceboy design,0.22691879866518355
lunch bag woodland,lunch bag  black skull.,0.22682926829268293
lunch bag apple design,lunch bag spaceboy design,0.22632794457274827
jumbo bag red retrospot,jumbo  bag baroque black white,0.22624999999999995
jumbo bag pink polkadot,jumbo bag vintage leaf,0.22617680826636052
jumbo bag pink polkadot,lunch bag  black skull.,0.22617680826636052
jumbo bag pink polkadot,jumbo bag alphabet,0.22617680826636052
wooden picture frame white finish,wood 2 drawer cabinet white finish,0.22602739726027396
lunch bag spaceboy design,lunch bag  black skull.,0.22570850202429152
set of 4 pantry jelly moulds,set of 3 cake tins pantry design,0.22517321016166283
lunch bag spaceboy design,lunch bag pink polkadot,0.22469635627530363
lunch bag suki design,lunch bag apple design,0.22469410456062291
lunch bag apple design,lunch bag red retrospot,0.2240184757505774
lunch bag apple design,lunch bag pink polkadot,0.2240184757505774
lunch bag apple design,lunch bag doiley pattern,0.2228637413394919
lunch bag spaceboy design,lunch bag  black skull.,0.22165991902834012
lunch bag pink polkadot,lunch bag cars blue,0.2212674543501611
lunch bag spaceboy design,jumbo bag red retrospot,0.2196356275303644
pack of 72 retrospot cake cases,72 sweetheart fairy cake cases,0.2196307094266278
regency cakestand 3 tier,green regency teacup and saucer,0.2196124486200822
jumbo bag red retrospot,jumbo bag apples,0.219375
lunch bag  black skull.,lunch bag red retrospot,0.21863117870722432
lunch bag cars blue,lunch bag spaceboy design,0.2184265010351967
jumbo bag pink polkadot,jumbo bag scandinavian blue paisley,0.21814006888633752
lunch bag red retrospot,lunch bag pink polkadot,0.21661490683229814
lunch bag spaceboy design,lunch bag red retrospot,0.21659919028340083
postage,round snack boxes set of4 woodland,0.21656050955414013
jumbo bag pink polkadot,jumbo shopper vintage red paisley,0.2158438576349024
jumbo bag red retrospot,jumbo bag vintage leaf,0.21562499999999998
lunch bag pink polkadot,lunch bag spaceboy design,0.21482277121374865
set of 4 pantry jelly moulds,jam making set with jars,0.21478060046189376
jam making set with jars,recipe box pantry yellow design,0.214123006833713
lunch bag  black skull.,lunch bag pink polkadot,0.2138783269961977
lunch bag spaceboy design,lunch bag cars blue,0.21356275303643726
lunch bag cars blue,lunch bag pink polkadot,0.21325051759834368
lunch bag pink polkadot,white hanging heart t-light holder,0.21267454350161116
lunch bag pink polkadot,lunch bag  black skull.,0.21267454350161116
lunch bag spaceboy design,lunch bag  black skull.,0.21255060728744943
lunch bag  black skull.,lunch bag spaceboy design,0.21197718631178705
lunch bag  black skull.,lunch bag cars blue,0.21197718631178705
jam making set with jars,set of 4 pantry jelly moulds,0.21184510250569477
lunch bag cars blue,lunch bag spaceboy design,0.2111801242236025
set of 3 cake tins pantry design,jam making set with jars,0.2111692844677138
lunch bag  black skull.,lunch bag pink polkadot,0.21102661596958172
lunch bag pink polkadot,lunch bag vintage leaf design,0.21052631578947367
lunch bag pink polkadot,lunch bag cars blue,0.21052631578947367
lunch bag suki design,lunch bag vintage doily,0.21023359288097887
lunch bag cars blue,lunch bag vintage leaf design,0.21014492753623187
heart of wicker small,small white heart of wicker,0.20915712799167532
lunch bag pink polkadot,lunch bag apple design,0.2083780880773362
lunch bag  black skull.,lunch bag spaceboy design,0.20817490494296578
lunch bag pink polkadot,lunch bag red retrospot,0.20730397422126742
pack of 72 retrospot cake cases,set/20 red retrospot paper napkins,0.20699708454810498
lunch bag suki design,lunch bag  black skull.,0.20689655172413793
jumbo bag red retrospot,jumbo bag pink vintage paisley,0.20687499999999998
lunch bag spaceboy design,lunch bag cars blue,0.20647773279352227
pack of 72 retrospot cake cases,pack of 60 spaceboy cake cases,0.20602526724975703
lunch bag red retrospot,lunch bag vintage leaf design,0.20419254658385094
lunch bag red retrospot,lunch bag  black skull.,0.20341614906832298
lunch bag cars blue,lunch bag pink polkadot,0.20289855072463767
lunch bag cars blue,lunch bag  black skull.,0.20289855072463767
lunch bag spaceboy design,spaceboy lunch box,0.20242914979757087
lunch bag spaceboy design,lunch bag pink polkadot,0.20242914979757087
party bunting,white hanging heart t-light holder,0.20232052211747645
lunch bag pink polkadot,lunch bag red retrospot,0.20085929108485498
lunch bag red retrospot,lunch bag spaceboy design,0.2003105590062112
lunch bag red retrospot,lunch bag alphabet design,0.2003105590062112
lunch bag cars blue,lunch bag pink polkadot,0.1997929606625259
lunch bag  black skull.,lunch bag spaceboy design,0.19961977186311786
lunch bag red retrospot,lunch bag spaceboy design,0.19953416149068323
lunch bag spaceboy design,lunch bag apple design,0.19838056680161945
assorted colour bird ornament,white hanging heart t-light holder,0.1970909090909091
lunch bag red retrospot,lunch bag  black skull.,0.1956521739130435
lunch bag red retrospot,lunch bag pink polkadot,0.1956521739130435
lunch bag red retrospot,lunch bag pink polkadot,0.19487577639751555
lunch bag  black skull.,lunch bag apple design,0.19391634980988592
lunch bag cars blue,white hanging heart t-light holder,0.19254658385093168
lunch bag spaceboy design,lunch bag vintage doily,0.19230769230769232
lunch bag  black skull.,lunch bag apple design,0.19201520912547526
pack of 72 retrospot cake cases,lunch bag red retrospot,0.1914480077745384
lunch bag  black skull.,red retrospot charlotte bag,0.19106463878326996
lunch bag  black skull.,lunch bag vintage doily,0.19011406844106465
lunch bag red retrospot,lunch bag vintage doily,0.18944099378881987
set of 3 cake tins pantry design,regency cakestand 3 tier,0.18935427574171032
lunch bag spaceboy design,white hanging heart t-light holder,0.18927125506072875
lunch bag spaceboy design,lunch bag dolly girl design,0.18927125506072875
lunch bag  black skull.,lunch bag pink polkadot,0.188212927756654
lunch bag  black skull.,jumbo bag pink polkadot,0.18726235741444866
set of 3 cake tins pantry design,set of tea coffee sugar tins pantry,0.1867364746945899
lunch bag red retrospot,red retrospot charlotte bag,0.18633540372670807
lunch bag  black skull.,lunch bag cars blue,0.18631178707224333
assorted colour bird ornament,painted metal pears assorted,0.18545454545454548
jumbo bag red retrospot,jumbo bag alphabet,0.185
lunch bag red retrospot,jumbo storage bag suki,0.1847826086956522
lunch bag red retrospot,jumbo bag pink polkadot,0.1847826086956522
lunch bag red retrospot,lunch bag cars blue,0.18400621118012422
lunch bag red retrospot,lunch bag pink polkadot,0.18400621118012422
pack of 72 retrospot cake cases,60 cake cases dolly girl design,0.1836734693877551
lunch bag  black skull.,lunch bag pink polkadot,0.18346007604562736
regency cakestand 3 tier,green regency teacup and saucer,0.18320610687022904
lunch bag red retrospot,lunch bag spaceboy design,0.18245341614906835
jumbo bag red retrospot,jumbo bag vintage doily,0.181875
regency cakestand 3 tier,pink regency teacup and saucer,0.18144450968878453
lunch bag red retrospot,lunch bag cars blue,0.17857142857142858
lunch bag red retrospot,lunch bag  black skull.,0.17857142857142858
lunch bag red retrospot,lunch bag spaceboy design,0.17779503105590064
lunch bag  black skull.,lunch bag woodland,0.1768060836501901
set of 3 cake tins pantry design,jam making set printed,0.1762652705061082
lunch bag red retrospot,white hanging heart t-light holder,0.17546583850931677
jumbo bag red retrospot,lunch bag pink polkadot,0.17312499999999997
jumbo bag red retrospot,red retrospot charlotte bag,0.1725
lunch bag red retrospot,lunch bag woodland,0.17236024844720496
set of 3 cake tins pantry design,white hanging heart t-light holder,0.17190226876090753
set of 3 cake tins pantry design,set of 4 pantry jelly moulds,0.17015706806282724
jumbo bag red retrospot,lunch bag  black skull.,0.16999999999999998
lunch bag red retrospot,lunch bag apple design,0.16925465838509315
assorted colour bird ornament,regency cakestand 3 tier,0.168
jumbo bag red retrospot,jumbo bag scandinavian blue paisley,0.16749999999999998
jumbo bag red retrospot,jumbo bag spaceboy design,0.166875
lunch bag red retrospot,lunch bag spaceboy design,0.16614906832298137
party bunting,regency cakestand 3 tier,0.1660623640319072
jumbo bag red retrospot,jumbo bag woodland animals,0.16374999999999998
jumbo bag red retrospot,lunch bag cars blue,0.15999999999999998
regency cakestand 3 tier,pink regency teacup and saucer,0.1591309453904874
lunch bag red retrospot,lunch bag apple design,0.15838509316770188
jumbo bag red retrospot,white hanging heart t-light holder,0.156875
white hanging heart t-light holder,wooden picture frame white finish,0.15626585489599187
regency cakestand 3 tier,pink regency teacup and saucer,0.15560775102759836
jumbo bag red retrospot,jumbo storage bag skulls,0.155
lunch bag red retrospot,pack of 72 retrospot cake cases,0.15295031055900624
lunch bag red retrospot,jumbo bag apples,0.15295031055900624
lunch bag red retrospot,lunch bag spaceboy design,0.15217391304347827
lunch bag red retrospot,lunch bag pink polkadot,0.15062111801242237
lunch bag red retrospot,lunch bag apple design,0.15062111801242237
lunch bag red retrospot,jumbo shopper vintage red paisley,0.1498447204968944
lunch bag red retrospot,lunch bag pink polkadot,0.1498447204968944
lunch bag red retrospot,charlotte bag suki design,0.14829192546583853
white hanging heart t-light holder,heart of wicker large,0.14713343480466767
regency cakestand 3 tier,set of 3 regency cake tins,0.14679976512037582
jumbo bag red retrospot,lunch bag suki design,0.14562499999999998
lunch bag red retrospot,lunch bag pink polkadot,0.1451863354037267
jumbo bag red retrospot,jumbo bag pink polkadot,0.145
white hanging heart t-light holder,party bunting,0.1415525114155251
assorted colour bird ornament,party bunting,0.14036363636363636
regency cakestand 3 tier,pink regency teacup and saucer,0.14034057545507928
party bunting,assorted colour bird ornament,0.13995649021029732
jumbo bag red retrospot,lunch bag apple design,0.13874999999999998
jumbo bag red retrospot,jumbo bag pink polkadot,0.13749999999999998
white hanging heart t-light holder,assorted colour bird ornament,0.13749365804160324
regency cakestand 3 tier,white hanging heart t-light holder,0.13740458015267176
white hanging heart t-light holder,heart of wicker small,0.13597158802638254
regency cakestand 3 tier,assorted colour bird ornament,0.13564298297122726
jumbo bag red retrospot,lunch bag spaceboy design,0.135625
regency cakestand 3 tier,party bunting,0.13446858485026425
white hanging heart t-light holder,natural slate heart chalkboard,0.13444951801116184
white hanging heart t-light holder,wooden frame antique white,0.1293759512937595
white hanging heart t-light holder,candleholder pink hanging heart,0.12836123795027904
jumbo bag red retrospot,jumbo bag pears,0.128125
regency cakestand 3 tier,set of 3 cake tins pantry design,0.12742219612448621
white hanging heart t-light holder,jumbo bag red retrospot,0.12734652460679857
jumbo bag red retrospot,jumbo bag owls,0.12624999999999997
white hanging heart t-light holder,regency cakestand 3 tier,0.1187214611872146
jumbo bag red retrospot,jumbo bag pink polkadot,0.1175
jumbo bag red retrospot,lunch bag pink polkadot,0.11687499999999998
jumbo bag red retrospot,jumbo shopper vintage red paisley,0.11687499999999998
white hanging heart t-light holder,lunch bag red retrospot,0.11466260781329274
regency cakestand 3 tier,regency teapot roses,0.11391661773341165
white hanging heart t-light holder,home building block word,0.10603754439370877
white hanging heart t-light holder,lunch bag pink polkadot,0.1004566210045662
white hanging heart t-light holder,set of 3 cake tins pantry design,0.09994926433282598
white hanging heart t-light holder,lunch bag spaceboy design,0.09487569761542364
white hanging heart t-light holder,lunch bag cars blue,0.0943683409436834
